"","S01_41","S03_28","S05_51","S07_43","S09_24","S11_21","S13_52","S15_11","S17_14","S19_55","S02_44","S04_31","S06_60","S08_46","S10_26","S12_25","S14_53","S16_13","S18_16","S20_50"
"SiltuxHC_EVQLVESGGK",148000,79100,58400,44500,60700,78400,23700,48900,132000,58000,1020000,303000,671000,236000,850000,997000,657000,1420000,223000,329000
"SiltuxHC_LLKPGGSLK",4770,5640,3290,2610,2230,1770,1320,7100,10200,1600,133000,68500,158000,28300,151000,156000,137000,246000,27700,39000
"SiltuxHC_FTISRDNAK",42900,25400,17800,16300,42600,29000,29600,82600,33900,13300,58600,36200,33600,20300,24400,56800,24500,149000,24400,58700
"SiltuxHC_DNAKNTLYLEMSSLR",4020,2140,2210,2980,5050,3950,5050,5380,3560,4560,34100,15100,20200,14100,42000,42000,27000,63400,12700,13600
"SiltuxHC_NTLYLEMSSLR",58700,25600,55500,41300,37700,24700,34500,67000,27100,59900,459000,157000,266000,161000,543000,548000,314000,754000,123000,172000
"SiltuxHC_SEDTAMYYC[+57]AR",105000,43300,196000,53800,152000,71400,90800,119000,39900,78100,556000,148000,384000,186000,568000,560000,507000,947000,127000,250000
"SiltuxHC_SEDTAM[+16]YYC[+57]AR",1130,2150,6610,2090,1880,3090,3230,1380,1340,2850,11300,3810,4850,1470,6700,10200,11700,12200,3690,2120
"SiltuxHC_GPSVFPLAPSSK",72500000,39100000,69800000,49300000,70300000,5e+07,63600000,57400000,24200000,28100000,81500000,35900000,42900000,4.4e+07,72400000,86800000,93100000,79500000,16500000,31100000
"SiltuxHC_GPSVFPLAPSSKSTSGGTAALGC[+57]LVK",1630000,1020000,2710000,747000,2070000,1110000,1310000,1170000,463000,376000,1900000,922000,1990000,597000,2150000,1990000,2240000,2120000,388000,685000
"SiltuxHC_STSGGTAALGC[+57]LVK",34800000,25100000,34700000,29500000,34600000,29800000,33700000,24300000,11100000,13700000,42100000,23200000,28900000,25400000,3.8e+07,44500000,52300000,38400000,10900000,16800000
"SiltuxHC_DTLMISR",6.5e+07,40200000,68700000,1.16e+08,68700000,54100000,58200000,74400000,29900000,35600000,79500000,36500000,60500000,1.18e+08,71300000,97900000,1.12e+08,1.12e+08,24100000,45800000
"SiltuxHC_DTLM[+16]ISR",2540000,1440000,2520000,2760000,3400000,2050000,1870000,2580000,899000,1070000,2830000,1430000,2340000,3130000,3e+06,3580000,3640000,3250000,834000,1390000
"SiltuxHC_TPEVTC[+57]VVVDVSHEDPEVK",5930000,3400000,2980000,2890000,6330000,3520000,4520000,4110000,1530000,2020000,3610000,2710000,3730000,3430000,4e+06,4850000,5710000,5700000,1200000,1380000
"SiltuxHC_FNWYVDGVEVHNAK",13900000,10200000,12300000,8800000,15300000,8800000,14100000,9160000,4540000,6520000,17900000,8540000,11900000,9210000,16100000,17100000,19200000,12900000,3790000,7100000
"SiltuxHC_TKPREEQYNSTYR",4350,82700,3900,61800,14400,69600,47200,68100,26800,34100,11800,52100,11500,105000,122000,130000,12600,128000,28900,61200
"SiltuxHC_VVSVLTVLHQDWLNGK",34400000,2.4e+07,29200000,23300000,38200000,23800000,26400000,20300000,9990000,13700000,41300000,18600000,2.1e+07,27800000,34900000,37100000,37200000,35800000,8010000,15700000
"SiltuxHC_VVSVLTVLHQDWLNGKEYK",15400000,11400000,18500000,13400000,18100000,11500000,11900000,13100000,4700000,5160000,20400000,8120000,9e+06,16800000,16900000,21700000,25700000,23400000,3570000,8510000
"SiltuxHC_VSNKALPAPIEK",63000,66200,195000,107000,223000,126000,192000,140000,61800,85100,128000,140000,201000,158000,189000,211000,227000,59200,47900,120000
"SiltuxHC_ALPAPIEKTISK",174000,166000,145000,143000,229000,130000,182000,135000,67300,47300,249000,188000,192000,137000,216000,245000,216000,191000,36300,123000
"SiltuxHC_GQPREPQVYTLPPSR",58300,31900,48500,18900,61100,47100,78100,49100,21700,24900,103000,36800,43200,53900,40900,75100,175000,46700,20400,51300
"SiltuxHC_EPQVYTLPPSR",415000,126000,347000,930000,413000,184000,361000,346000,188000,175000,322000,120000,228000,320000,291000,299000,348000,407000,114000,145000
"SiltuxHC_EPQVYTLPPSRDELTK",4160,2320000,5430,1290000,4190,2340,1430000,1050,5810,1040000,44300,1140000,9830,993000,25500,32500,1920000,52600,9550,1390000
"SiltuxHC_DELTKNQVSLTC[+57]LVK",19900,16400,17200,50200,4770,11500,21700,7660,9770,6720,15300,20300,51900,50900,12100,16800,38200,16800,4380,13100
"SiltuxHC_NQVSLTC[+57]LVK",1.7e+07,9670000,17300000,89600000,22700000,18100000,18600000,26500000,9010000,15300000,21900000,9120000,13900000,69600000,18200000,31500000,28500000,38100000,5450000,17800000
"SiltuxHC_GFYPSDIAVEWESNGQPENNYK",621000,458000,489000,3450000,769000,609000,841000,868000,299000,642000,873000,345000,406000,2890000,730000,1310000,1080000,1490000,264000,694000
"SiltuxHC_TTPPVLDSDGSFFLYSK",176000,248000,201000,2e+05,262000,144000,367000,160000,79600,181000,236000,308000,216000,170000,220000,285000,242000,218000,70400,161000
"SiltuxHC_LTVDKSR",669000,470000,681000,2650000,886000,670000,865000,1120000,444000,593000,877000,456000,464000,2510000,687000,1330000,1390000,1870000,326000,761000
"SiltuxLC_LLIYDTSNLASGVPVR",4350,11700,2920,6820,5370,9110,2530,9270,8820,3670,1010000,316000,529000,290000,846000,1020000,658000,1780000,227000,296000
"SiltuxLC_FSGSGSGTSYSLTISR",6540,4310,4830,243,5420,2640,3640,400,5000,5730,381000,108000,212000,101000,394000,415000,3e+05,549000,70800,115000
"SiltuxLC_RTVAAPSVFIFPPSDEQLK",9370000,8300000,7300000,1.1e+07,9780000,5770000,5970000,10800000,5580000,6e+06,13200000,6140000,6020000,10100000,7840000,9660000,10100000,17200000,5090000,8700000
"SiltuxLC_TVAAPSVFIFPPSDEQLK",11600000,6320000,10200000,15200000,24100000,1.2e+07,22300000,11900000,4460000,15900000,21800000,29400000,10400000,19800000,9580000,1.7e+07,21600000,13900000,4710000,22300000
"SiltuxLC_SGTASVVC[+57]LLNNFYPR",62500000,53800000,5.8e+07,70300000,74600000,4.9e+07,47200000,83300000,35300000,48800000,75700000,56900000,39900000,66500000,58400000,72700000,7.9e+07,1.34e+08,31500000,57700000
"SiltuxLC_EAKVQWK",11000,7460,9690,7320,10700,12300,8690,15300,14800,12400,6840,5640,7140,11500,14600,17600,9380,18700,2010,8140
"SiltuxLC_VQWKVDNALQSGNSQESVTEQDSK",220000,225000,184000,277000,261000,218000,147000,312000,112000,132000,341000,185000,149000,314000,192000,301000,307000,587000,132000,313000
"SiltuxLC_VDNALQSGNSQESVTEQDSK",1730000,1670000,1280000,2220000,1550000,973000,1610000,1390000,824000,1450000,2080000,1690000,1650000,1500000,1580000,1770000,1530000,3190000,680000,1830000
"SiltuxLC_DSTYSLSSTLTLSK",4240000,2700000,4020000,3640000,2770000,3e+06,3670000,5300000,1310000,3130000,6710000,3290000,1760000,3840000,3720000,4500000,3130000,7190000,988000,4010000
"SiltuxLC_ADYEKHK",4970,10400,13600,8110,13000,2760,10500,5900,1830,6080,15100,5820,8910,6400,11600,6200,40300,11900,6850,29800
"SiltuxLC_HKVYAC[+57]EVTHQGLSSPVTK",19300,60400,86100,147000,209000,74700,55900,77700,3150000,101000,68500,65100,118000,104000,130000,23200,67600,67100,26800,43400
"SiltuxLC_VYAC[+57]EVTHQGLSSPVTK",45200000,62600000,56100000,9.6e+07,70300000,59900000,33600000,7.6e+07,40100000,52700000,53700000,52400000,48700000,73600000,5.2e+07,66100000,44400000,1.03e+08,37800000,74400000
"SiltuxLC_VYAC[+57]EVTHQGLSSPVTKSFNR",2900,2720,4520,9570,6980,5540,5770,4850,3600,9750,6920,11200,6810,7380,9710,11100,8610,10700,1130,11000
"SiltuxLC_SFNRGEC[+57]",27800000,29400000,30900000,36800000,39600000,26900000,26400000,48200000,19300000,21500000,47100000,26800000,21800000,34700000,28700000,39300000,4.7e+07,55500000,17200000,33600000
