"","T01_42","T03_54","T05_27","T07_15","T09_39","T11_12","T13_29","T15_18","T17_47","T19_58","T02_40","T04_57","T06_30","T08_10","T10_38","T12_17","T14_22","T16_19","T18_48","T20_59"
"TocilLC_DIQMTQSPSSLSASVGDR",1350000,654000,922000,1760000,1180000,1450000,1160000,1770000,1310000,2200000,1560000,1360000,1700000,1340000,1e+06,1740000,1030000,2480000,821000,1490000
"TocilLC_DIQM[+16]TQSPSSLSASVGDR",17000,22400,27700,60100,27500,40000,43300,79300,43900,48400,51600,43500,64300,108000,31400,69900,32900,114000,12900,57100
"TocilLC_DIQMTQSPSSLSASVGDRVTITC[+57]R",2290000,1650000,1930000,3550000,1960000,2140000,2210000,3730000,2270000,3040000,1970000,2100000,1360000,3300000,1800000,2300000,2140000,4190000,1690000,2780000
"TocilLC_DIQM[+16]TQSPSSLSASVGDRVTITC[+57]R",62700,59200,54900,50200,79600,46400,84600,137000,46600,93600,81000,33700,64100,120000,71100,61400,50400,128000,38900,103000
"TocilLC_ASQDISSYLNWYQQKPGK",51500,34500,30000,32500,31900,30000,295000,87700,31400,43900,163000,126000,133000,113000,64200,138000,72300,162000,35000,164000
"TocilLC_ASQDISSYLNWYQQKPGKAPK",6570,936,2360,3570,1540,5110,2660,12300,3300,11400,71100,55900,53200,49100,30100,65100,16400,72400,5470,79900
"TocilLC_LLIYYTSR",268000,2100,4070,4040,4040,3630,4050,11500,3360,11300,655000,242000,295000,234000,170000,260000,134000,336000,51700,401000
"TocilLC_LHSGVPSR",49200,48900,22000,33500,21100,62800,29400,36600,12400,33200,211000,191000,152000,142000,102000,155000,70700,304000,34500,209000
"TocilLC_RTVAAPSVFIFPPSDEQLK",15200000,7950000,7490000,11100000,7820000,10200000,8820000,13500000,7400000,12100000,11700000,12300000,6620000,9180000,7220000,11800000,8060000,18300000,6080000,12400000
"TocilLC_TVAAPSVFIFPPSDEQLK",35800000,13400000,16400000,17900000,11700000,12500000,16800000,29500000,11800000,34700000,29300000,13100000,20200000,10200000,20200000,18900000,18900000,23600000,5650000,16400000
"TocilLC_SGTASVVC[+57]LLNNFYPR",80800000,45500000,53500000,88100000,59800000,71900000,62800000,1.14e+08,45400000,1.04e+08,77500000,82100000,55500000,7.9e+07,58800000,90200000,61700000,1.59e+08,37700000,85400000
"TocilLC_EAKVQWK",21600,6800,3470,9390,14500,15000,11900,24200,11500,9560,8390,18800,8700,27300,7410,26800,5880,31400,4770,11100
"TocilLC_VQWKVDNALQSGNSQESVTEQDSK",340000,226000,193000,265000,238000,255000,493000,555000,194000,289000,315000,273000,146000,417000,255000,265000,253000,561000,196000,368000
"TocilLC_VDNALQSGNSQESVTEQDSK",2290000,1160000,1430000,1850000,1810000,1310000,1900000,2600000,1820000,3810000,2020000,1870000,1770000,1640000,1770000,1930000,1390000,3740000,946000,2150000
"TocilLC_DSTYSLSSTLTLSK",6060000,2850000,3460000,4980000,3450000,2890000,4460000,6980000,3260000,6960000,5420000,4820000,4180000,2770000,3760000,6200000,3850000,9430000,2750000,5e+06
"TocilLC_ADYEKHK",8110,7430,2750,4230,6100,7230,6910,13100,2290,6340,18300,10100,9250,21000,4680,10700,9140,23900,3690,19300
"TocilLC_HKVYAC[+57]EVTHQGLSSPVTK",113000,42000,41300,60100,191000,38800,48400,164000,88400,141000,40000,70000,38500,25000,47200,87600,53600,372000,34700,6700000
"TocilLC_VYAC[+57]EVTHQGLSSPVTK",54700000,31700000,5.1e+07,74200000,62600000,3.6e+07,37500000,1.12e+08,60800000,54100000,54700000,51900000,56900000,80300000,6e+07,46700000,36200000,1.27e+08,35300000,62900000
"TocilLC_VYAC[+57]EVTHQGLSSPVTKSFNR",7000,3760,8860,7230,12500,2600,3330,11400,4730,6100,4960,22700,8650,8280,5090,13100,4190,24300,2400,8320
"TocilLC_SFNRGEC[+57]",44700000,2.4e+07,35700000,48500000,30400000,46800000,32200000,46700000,2.3e+07,62800000,44900000,41300000,24800000,45100000,35600000,45600000,27700000,73400000,2.3e+07,53200000
"TocilHC_DTSKNQFSLR",9470,4920,6240,6560,10300,7570,3030,6850,5200,6290,75700,47100,83500,46000,29300,46800,19800,69500,9580,83900
"TocilHC_LSSVTAADTAVYYC[+57]AR",1340000,715000,1110000,1390000,1240000,1320000,2220000,2730000,1950000,2050000,1480000,1430000,1360000,1630000,1380000,1930000,2400000,3600000,1360000,1750000
"TocilHC_TTAMDYWGQGSLVTVSSASTK",13500,6660,2560,4530,6060,6350,5890,2990,2590,13200,43400,24400,122000,43200,32900,36300,48500,62700,9270,84200
"TocilHC_GPSVFPLAPSSK",99600000,67300000,75100000,8.7e+07,44100000,52100000,49700000,86500000,43800000,64400000,78100000,1.16e+08,61200000,72600000,39700000,85600000,50300000,1.61e+08,29500000,1.05e+08
"TocilHC_GPSVFPLAPSSKSTSGGTAALGC[+57]LVK",2310000,1750000,2600000,2670000,916000,1270000,1390000,1850000,1460000,2050000,1970000,2500000,2230000,2330000,717000,2070000,1560000,4180000,1040000,2440000
"TocilHC_STSGGTAALGC[+57]LVK",45700000,34200000,33800000,43500000,24400000,3.2e+07,32400000,4.8e+07,28100000,37500000,33500000,68500000,36800000,37900000,2.2e+07,40400000,29100000,81500000,21900000,44700000
"TocilHC_DTLMISR",99300000,69600000,77800000,95500000,56600000,71500000,58600000,1.09e+08,4.9e+07,58500000,86900000,1.24e+08,75100000,90400000,55700000,95900000,60700000,1.9e+08,45600000,86300000
"TocilHC_DTLM[+16]ISR",3230000,1860000,2810000,3280000,1710000,2530000,2340000,3840000,1650000,2620000,3300000,3860000,3610000,3380000,1880000,3250000,2220000,6430000,1350000,3040000
"TocilHC_TPEVTC[+57]VVVDVSHEDPEVK",6080000,5690000,5400000,4030000,2940000,4480000,3610000,2740000,3900000,4770000,5990000,6250000,6300000,6160000,2730000,7530000,2530000,4310000,2880000,7640000
"TocilHC_FNWYVDGVEVHNAK",18100000,14200000,13700000,18700000,8140000,11500000,10900000,14600000,11900000,11800000,1.5e+07,21400000,16100000,16600000,7080000,17800000,11800000,31100000,8540000,15700000
"TocilHC_TKPREEQYNSTYR",2960,7180,10100,15900,84100,8320,5780,5670,65400,5280,12600,10100,4720,11700,6230,11800,8590,13300,6300,11700
"TocilHC_VVSVLTVLHQDWLNGK",40900000,24300000,35300000,44300000,21200000,26300000,26700000,53700000,23500000,30200000,41100000,56700000,32100000,3.3e+07,16200000,36500000,30300000,77300000,13300000,34600000
"TocilHC_VVSVLTVLHQDWLNGKEYK",25900000,17400000,21700000,20800000,10900000,13400000,13700000,31300000,12500000,13500000,18900000,30800000,11600000,18400000,9520000,19800000,13100000,42100000,8790000,18100000
"TocilHC_VSNKALPAPIEK",231000,166000,217000,233000,146000,164000,190000,292000,75400,195000,155000,283000,220000,208000,32200,237000,53000,441000,121000,188000
"TocilHC_ALPAPIEKTISK",251000,174000,201000,273000,110000,169000,188000,268000,162000,247000,223000,282000,266000,187000,118000,249000,172000,487000,98800,237000
"TocilHC_GQPREPQVYTLPPSR",89100,82000,20200,52700,17500,52700,29200,93400,40400,43300,25000,50200,57600,58800,8910,109000,58100,140000,15200,38100
"TocilHC_EPQVYTLPPSR",770000,118000,384000,376000,243000,343000,194000,392000,197000,174000,406000,485000,173000,669000,231000,434000,261000,581000,135000,359000
"TocilHC_EPQVYTLPPSREEMTK",8090000,3030000,3120000,3400000,2800000,2590000,2400000,4200000,2560000,1990000,3830000,6010000,2680000,2440000,1260000,9720000,728000,5670000,1800000,4420000
"TocilHC_EPQVYTLPPSREEM[+16]TK",448000,219000,289000,316000,220000,389000,178000,437000,123000,140000,403000,312000,264000,254000,229000,410000,318000,492000,79400,217000
"TocilHC_EEMTKNQVSLTC[+57]LVK",155000,85300,98400,111000,80200,122000,95000,173000,31900,66100,132000,138000,87900,105000,73700,146000,74300,244000,34100,85200
"TocilHC_NQVSLTC[+57]LVK",28300000,21700000,1.7e+07,29300000,19900000,22700000,14900000,45500000,14400000,17700000,26800000,46900000,20100000,24500000,1.9e+07,3.5e+07,13900000,63100000,11700000,22200000
"TocilHC_GFYPSDIAVEWESNGQPENNYK",1010000,796000,635000,845000,8e+05,1030000,517000,1210000,549000,673000,895000,1290000,719000,803000,577000,1250000,478000,1950000,397000,685000
"TocilHC_TTPPVLDSDGSFFLYSK",294000,258000,225000,232000,136000,211000,233000,272000,172000,421000,237000,436000,324000,249000,149000,244000,226000,395000,171000,246000
"TocilHC_LTVDKSR",1130000,984000,767000,1180000,1040000,1080000,624000,1930000,541000,793000,891000,1230000,854000,1050000,793000,1190000,635000,2860000,497000,692000
